{"cameraMode":{"drawMode":0,"name":"Shaded","section":"Shading Mode"},"sceneLighting":true,"audioPlay":false,"sceneViewState":{"m_AlwaysRefresh":false,"showFog":true,"showSkybox":true,"showFlares":true,"showImageEffects":true,"showParticleSystems":true,"showVisualEffectGraphs":true,"m_FxEnabled":true},"in2DMode":false,"pivot":{"x":-8.721076011657715,"y":0.1667024940252304,"z":0.09344984591007233},"rotation":{"x":-0.05410977080464363,"y":0.7078341245651245,"z":-0.054416678845882419,"w":-0.7023248672485352},"size":8.15336799621582,"orthographic":false}